<?xml version="1.0" encoding="UTF-8"?>
<!DOCTYPE mapper PUBLIC "-//mybatis.org//DTD Mapper 3.0//EN" "http://mybatis.org/dtd/mybatis-3-mapper.dtd">
<mapper namespace="sample.spring.yse.IBookDAO">
	
<insert id="insert" parameterType="BookVO">
<selectKey keyProperty="bookId" resultType="String" order="BEFORE">
        SELECT book_id_seq.nextval FROM DUAL
    </selectKey>
        INSERT INTO book (book_id, title, category, price)
        VALUES 
        (
        #{bookId}
        , #{title}
        , #{category}
        , #{price}
        )
    </insert>
    <select id="detail" parameterType="hashMap" resultType="hashMap">
    	SELECT title, category, price, insert_date
    	FROM book
    	WHERE book_id = #{bookId}
    </select>
	
	<select id="list" parameterType="int" resultType="BookVO">
		SELECT book_id, title, category, price, insert_date
		FROM book
		ORDER BY insert_date desc
	</select>
	<update id="update" parameterType="BookVO">
		UPDATE book
		SET title = #{title}
			,category = #{category}
			,price = #{price}
			,insert_date = SYSDATE
		WHERE book_id = #{bookId}
	</update>
	<delete id="delete" parameterType="BookVO">
		DELETE 
		FROM book 
		where book_id = #{bookId}   
	</delete>
	
</mapper>
